number,incident_state,active,reassignment_count,reopen_count,sys_mod_count,made_sla,caller_id,opened_by,opened_at,sys_created_by,sys_created_at,sys_updated_by,sys_updated_at,contact_type,location,category,subcategory,u_symptom,cmdb_ci,impact,urgency,priority,assignment_group,assigned_to,knowledge,u_priority_confirmation,notify,problem_id,rfc,vendor,caused_by,closed_code,resolved_by,resolved_at,closed_at
INC0000045,New,TRUE,0,0,0,TRUE,Caller 2403,Opened by  8,2/29/2016 1:16,Created by 6,2/29/2016 1:23,Updated by 21,2/29/2016 1:23,Phone,Location 143,Category 55,Subcategory 170,Symptom 72,?,2 - Medium,2 - Medium,3 - Moderate,Group 56,?,TRUE,FALSE,Do Not Notify,?,?,?,?,code 5,Resolved by 149,2/29/2016 11:29,3/5/2016 12:00
INC0000045,Resolved,TRUE,0,0,2,TRUE,Caller 2403,Opened by  8,2/29/2016 1:16,Created by 6,2/29/2016 1:23,Updated by 642,2/29/2016 8:53,Phone,Location 143,Category 55,Subcategory 170,Symptom 72,?,2 - Medium,2 - Medium,3 - Moderate,Group 56,?,TRUE,FALSE,Do Not Notify,?,?,?,?,code 5,Resolved by 149,2/29/2016 11:29,3/5/2016 12:00
INC0000045,Resolved,TRUE,0,0,3,TRUE,Caller 2403,Opened by  8,2/29/2016 1:16,Created by 6,2/29/2016 1:23,Updated by 804,2/29/2016 11:29,Phone,Location 143,Category 55,Subcategory 170,Symptom 72,?,2 - Medium,2 - Medium,3 - Moderate,Group 56,?,TRUE,FALSE,Do Not Notify,?,?,?,?,code 5,Resolved by 149,2/29/2016 11:29,3/5/2016 12:00
INC0000045,Closed,FALSE,0,0,4,TRUE,Caller 2403,Opened by  8,2/29/2016 1:16,Created by 6,2/29/2016 1:23,Updated by 908,3/5/2016 12:00,Phone,Location 143,Category 55,Subcategory 170,Symptom 72,?,2 - Medium,2 - Medium,3 - Moderate,Group 56,?,TRUE,FALSE,Do Not Notify,?,?,?,?,code 5,Resolved by 149,2/29/2016 11:29,3/5/2016 12:00
INC0000047,New,TRUE,0,0,0,TRUE,Caller 2403,Opened by  397,2/29/2016 4:40,Created by 171,2/29/2016 4:57,Updated by 746,2/29/2016 4:57,Phone,Location 165,Category 40,Subcategory 215,Symptom 471,?,2 - Medium,2 - Medium,3 - Moderate,Group 70,Resolver 89,TRUE,FALSE,Do Not Notify,?,?,?,?,code 5,Resolved by 81,3/1/2016 9:52,3/6/2016 10:00
INC0000047,Active,TRUE,1,0,1,TRUE,Caller 2403,Opened by  397,2/29/2016 4:40,Created by 171,2/29/2016 4:57,Updated by 21,2/29/2016 5:30,Phone,Location 165,Category 40,Subcategory 215,Symptom 471,?,2 - Medium,2 - Medium,3 - Moderate,Group 24,Resolver 31,TRUE,FALSE,Do Not Notify,?,?,?,?,code 5,Resolved by 81,3/1/2016 9:52,3/6/2016 10:00
INC0000047,Active,TRUE,1,0,2,TRUE,Caller 2403,Opened by  397,2/29/2016 4:40,Created by 171,2/29/2016 4:57,Updated by 21,2/29/2016 5:33,Phone,Location 165,Category 40,Subcategory 215,Symptom 471,?,2 - Medium,2 - Medium,3 - Moderate,Group 24,Resolver 31,TRUE,FALSE,Do Not Notify,?,?,?,?,code 5,Resolved by 81,3/1/2016 9:52,3/6/2016 10:00
INC0000047,Active,TRUE,1,0,3,TRUE,Caller 2403,Opened by  397,2/29/2016 4:40,Created by 171,2/29/2016 4:57,Updated by 804,2/29/2016 11:31,Phone,Location 165,Category 40,Subcategory 215,Symptom 471,?,2 - Medium,2 - Medium,3 - Moderate,Group 24,Resolver 31,TRUE,FALSE,Do Not Notify,?,?,?,?,code 5,Resolved by 81,3/1/2016 9:52,3/6/2016 10:00
INC0000047,Active,TRUE,1,0,4,TRUE,Caller 2403,Opened by  397,2/29/2016 4:40,Created by 171,2/29/2016 4:57,Updated by 703,2/29/2016 11:32,Phone,Location 165,Category 40,Subcategory 215,Symptom 471,?,2 - Medium,2 - Medium,3 - Moderate,Group 24,Resolver 31,TRUE,FALSE,Do Not Notify,?,?,?,?,code 5,Resolved by 81,3/1/2016 9:52,3/6/2016 10:00
INC0000047,Active,TRUE,1,0,5,TRUE,Caller 2403,Opened by  397,2/29/2016 4:40,Created by 171,2/29/2016 4:57,Updated by 332,3/1/2016 9:14,Phone,Location 165,Category 40,Subcategory 215,Symptom 471,?,2 - Medium,2 - Medium,3 - Moderate,Group 24,Resolver 31,TRUE,FALSE,Do Not Notify,?,?,?,?,code 5,Resolved by 81,3/1/2016 9:52,3/6/2016 10:00
INC0000047,Awaiting User Info,TRUE,1,0,6,TRUE,Caller 2403,Opened by  397,2/29/2016 4:40,Created by 171,2/29/2016 4:57,Updated by 332,3/1/2016 9:14,Phone,Location 165,Category 40,Subcategory 215,Symptom 471,?,2 - Medium,2 - Medium,3 - Moderate,Group 24,Resolver 89,TRUE,FALSE,Do Not Notify,?,?,?,?,code 5,Resolved by 81,3/1/2016 9:52,3/6/2016 10:00
INC0000047,Resolved,TRUE,1,0,7,TRUE,Caller 2403,Opened by  397,2/29/2016 4:40,Created by 171,2/29/2016 4:57,Updated by 332,3/1/2016 9:52,Phone,Location 165,Category 40,Subcategory 215,Symptom 471,?,2 - Medium,2 - Medium,3 - Moderate,Group 24,Resolver 89,TRUE,FALSE,Do Not Notify,?,?,?,?,code 5,Resolved by 81,3/1/2016 9:52,3/6/2016 10:00
INC0000047,Closed,FALSE,1,0,8,TRUE,Caller 2403,Opened by  397,2/29/2016 4:40,Created by 171,2/29/2016 4:57,Updated by 908,3/6/2016 10:00,Phone,Location 165,Category 40,Subcategory 215,Symptom 471,?,2 - Medium,2 - Medium,3 - Moderate,Group 24,Resolver 89,TRUE,FALSE,Do Not Notify,?,?,?,?,code 5,Resolved by 81,3/1/2016 9:52,3/6/2016 10:00
INC0000057,New,TRUE,0,0,0,TRUE,Caller 4416,Opened by  8,2/29/2016 6:10,?,?,Updated by 21,2/29/2016 6:26,Phone,Location 204,Category 20,Subcategory 125,Symptom 471,?,2 - Medium,2 - Medium,3 - Moderate,Group 70,?,TRUE,FALSE,Do Not Notify,?,?,?,?,code 10,Resolved by 5,3/1/2016 2:55,3/6/2016 3:00
INC0000057,New,TRUE,0,0,1,TRUE,Caller 4416,Opened by  8,2/29/2016 6:10,?,?,Updated by 21,2/29/2016 6:38,Phone,Location 204,Category 20,Subcategory 125,Symptom 471,?,2 - Medium,2 - Medium,3 - Moderate,Group 70,?,TRUE,FALSE,Do Not Notify,?,?,?,?,code 10,Resolved by 5,3/1/2016 2:55,3/6/2016 3:00
INC0000057,New,TRUE,0,0,2,TRUE,Caller 4416,Opened by  8,2/29/2016 6:10,?,?,Updated by 451,2/29/2016 10:06,Phone,Location 204,Category 20,Subcategory 125,Symptom 471,?,2 - Medium,2 - Medium,3 - Moderate,Group 70,?,TRUE,FALSE,Do Not Notify,Problem ID  2,?,?,?,code 10,Resolved by 5,3/1/2016 2:55,3/6/2016 3:00
INC0000057,New,TRUE,0,0,3,TRUE,Caller 4416,Opened by  8,2/29/2016 6:10,?,?,Updated by 21,3/1/2016 2:53,Phone,Location 204,Category 20,Subcategory 125,Symptom 471,?,2 - Medium,2 - Medium,3 - Moderate,Group 70,?,TRUE,FALSE,Do Not Notify,Problem ID  2,?,?,?,code 10,Resolved by 5,3/1/2016 2:55,3/6/2016 3:00
INC0000057,New,TRUE,0,0,4,TRUE,Caller 4416,Opened by  8,2/29/2016 6:10,?,?,Updated by 21,3/1/2016 2:54,Phone,Location 204,Category 20,Subcategory 125,Symptom 471,?,2 - Medium,2 - Medium,3 - Moderate,Group 70,?,TRUE,FALSE,Do Not Notify,Problem ID  2,?,?,?,code 10,Resolved by 5,3/1/2016 2:55,3/6/2016 3:00
INC0000057,Resolved,TRUE,0,0,5,TRUE,Caller 4416,Opened by  8,2/29/2016 6:10,?,?,Updated by 21,3/1/2016 2:55,Phone,Location 204,Category 20,Subcategory 125,Symptom 471,?,2 - Medium,2 - Medium,3 - Moderate,Group 70,Resolver 6,TRUE,FALSE,Do Not Notify,Problem ID  2,?,?,?,code 10,Resolved by 5,3/1/2016 2:55,3/6/2016 3:00
INC0000057,Closed,FALSE,0,0,6,TRUE,Caller 4416,Opened by  8,2/29/2016 6:10,?,?,Updated by 908,3/6/2016 3:00,Phone,Location 204,Category 20,Subcategory 125,Symptom 471,?,2 - Medium,2 - Medium,3 - Moderate,Group 70,Resolver 6,TRUE,FALSE,Do Not Notify,Problem ID  2,?,?,?,code 10,Resolved by 5,3/1/2016 2:55,3/6/2016 3:00
INC0000060,New,TRUE,0,0,0,TRUE,Caller 4491,Opened by  180,2/29/2016 6:38,Created by 81,2/29/2016 6:42,Updated by 340,2/29/2016 6:42,Phone,Location 204,Category 9,Subcategory 97,Symptom 450,?,2 - Medium,2 - Medium,3 - Moderate,Group 25,Resolver 125,TRUE,FALSE,Do Not Notify,?,?,?,?,code 3,Resolved by 113,3/2/2016 12:06,3/7/2016 13:00
INC0000060,Active,TRUE,0,0,1,TRUE,Caller 4491,Opened by  180,2/29/2016 6:38,Created by 81,2/29/2016 6:42,Updated by 465,3/2/2016 8:52,Phone,Location 204,Category 9,Subcategory 97,Symptom 450,?,2 - Medium,2 - Medium,3 - Moderate,Group 25,Resolver 125,TRUE,FALSE,Do Not Notify,?,?,?,?,code 3,Resolved by 113,3/2/2016 12:06,3/7/2016 13:00
INC0000060,Resolved,TRUE,0,0,2,TRUE,Caller 4491,Opened by  180,2/29/2016 6:38,Created by 81,2/29/2016 6:42,Updated by 465,3/2/2016 12:06,Phone,Location 204,Category 9,Subcategory 97,Symptom 450,?,2 - Medium,2 - Medium,3 - Moderate,Group 25,Resolver 125,TRUE,FALSE,Do Not Notify,?,?,?,?,code 3,Resolved by 113,3/2/2016 12:06,3/7/2016 13:00
INC0000060,Closed,FALSE,0,0,3,TRUE,Caller 4491,Opened by  180,2/29/2016 6:38,Created by 81,2/29/2016 6:42,Updated by 908,3/7/2016 13:00,Phone,Location 204,Category 9,Subcategory 97,Symptom 450,?,2 - Medium,2 - Medium,3 - Moderate,Group 25,Resolver 125,TRUE,FALSE,Do Not Notify,?,?,?,?,code 3,Resolved by 113,3/2/2016 12:06,3/7/2016 13:00
INC0000062,New,TRUE,0,0,0,TRUE,Caller 3765,Opened by  180,2/29/2016 6:58,Created by 81,2/29/2016 7:26,Updated by 340,2/29/2016 7:26,Phone,Location 93,Category 53,Subcategory 168,Symptom 232,?,2 - Medium,2 - Medium,3 - Moderate,Group 70,?,TRUE,FALSE,Do Not Notify,?,?,?,?,code 7,Resolved by 62,2/29/2016 15:51,3/5/2016 16:00
INC0000062,New,TRUE,0,0,1,TRUE,Caller 3765,Opened by  180,2/29/2016 6:58,Created by 81,2/29/2016 7:26,Updated by 340,2/29/2016 7:29,Phone,Location 93,Category 53,Subcategory 168,Symptom 232,?,1 - High,2 - Medium,2 - High,Group 70,?,TRUE,FALSE,Do Not Notify,?,?,?,?,code 7,Resolved by 62,2/29/2016 15:51,3/5/2016 16:00
INC0000062,New,TRUE,1,0,2,TRUE,Caller 3765,Opened by  180,2/29/2016 6:58,Created by 81,2/29/2016 7:26,Updated by 340,2/29/2016 7:34,Phone,Location 93,Category 53,Subcategory 168,Symptom 232,?,1 - High,2 - Medium,2 - High,Group 23,?,TRUE,FALSE,Do Not Notify,?,?,?,?,code 7,Resolved by 62,2/29/2016 15:51,3/5/2016 16:00
INC0000062,New,TRUE,1,0,3,TRUE,Caller 3765,Opened by  180,2/29/2016 6:58,Created by 81,2/29/2016 7:26,Updated by 804,2/29/2016 11:23,Phone,Location 93,Category 53,Subcategory 168,Symptom 232,?,1 - High,2 - Medium,2 - High,Group 23,?,TRUE,FALSE,Do Not Notify,?,?,?,?,code 7,Resolved by 62,2/29/2016 15:51,3/5/2016 16:00
INC0000062,New,TRUE,1,0,4,TRUE,Caller 3765,Opened by  180,2/29/2016 6:58,Created by 81,2/29/2016 7:26,Updated by 804,2/29/2016 11:28,Phone,Location 93,Category 53,Subcategory 168,Symptom 232,?,1 - High,2 - Medium,2 - High,Group 23,?,TRUE,FALSE,Do Not Notify,?,?,?,?,code 7,Resolved by 62,2/29/2016 15:51,3/5/2016 16:00
INC0000062,New,TRUE,1,0,5,TRUE,Caller 3765,Opened by  180,2/29/2016 6:58,Created by 81,2/29/2016 7:26,Updated by 241,2/29/2016 15:51,Phone,Location 93,Category 53,Subcategory 168,Symptom 232,?,1 - High,2 - Medium,2 - High,Group 23,?,TRUE,FALSE,Do Not Notify,?,?,?,?,code 7,Resolved by 62,2/29/2016 15:51,3/5/2016 16:00
INC0000062,Resolved,TRUE,1,0,6,TRUE,Caller 3765,Opened by  180,2/29/2016 6:58,Created by 81,2/29/2016 7:26,Updated by 241,2/29/2016 15:51,Phone,Location 93,Category 53,Subcategory 168,Symptom 232,?,1 - High,2 - Medium,2 - High,Group 23,?,TRUE,FALSE,Do Not Notify,?,?,?,?,code 7,Resolved by 62,2/29/2016 15:51,3/5/2016 16:00
INC0000062,Closed,FALSE,1,0,7,FALSE,Caller 3765,Opened by  180,2/29/2016 6:58,Created by 81,2/29/2016 7:26,Updated by 908,3/5/2016 16:00,Phone,Location 93,Category 53,Subcategory 168,Symptom 232,?,1 - High,2 - Medium,2 - High,Group 23,?,TRUE,FALSE,Do Not Notify,?,?,?,?,code 7,Resolved by 62,2/29/2016 15:51,3/5/2016 16:00
INC0000063,New,TRUE,0,0,0,TRUE,Caller 2146,Opened by  180,2/29/2016 7:08,Created by 81,2/29/2016 7:17,Updated by 340,2/29/2016 7:17,Phone,Location 93,Category 20,Subcategory 125,Symptom 471,?,2 - Medium,2 - Medium,3 - Moderate,Group 70,?,TRUE,FALSE,Do Not Notify,?,?,?,?,code 7,Resolved by 62,2/29/2016 16:01,3/5/2016 17:00
INC0000063,New,TRUE,0,0,1,TRUE,Caller 2146,Opened by  180,2/29/2016 7:08,Created by 81,2/29/2016 7:17,Updated by 340,2/29/2016 7:23,Phone,Location 93,Category 20,Subcategory 125,Symptom 471,?,2 - Medium,2 - Medium,3 - Moderate,Group 70,?,TRUE,FALSE,Do Not Notify,?,?,?,?,code 7,Resolved by 62,2/29/2016 16:01,3/5/2016 17:00
INC0000063,New,TRUE,0,0,2,TRUE,Caller 2146,Opened by  180,2/29/2016 7:08,Created by 81,2/29/2016 7:17,Updated by 340,2/29/2016 7:27,Phone,Location 93,Category 20,Subcategory 125,Symptom 471,?,2 - Medium,2 - Medium,3 - Moderate,Group 70,?,TRUE,FALSE,Do Not Notify,?,?,?,?,code 7,Resolved by 62,2/29/2016 16:01,3/5/2016 17:00
INC0000063,New,TRUE,0,0,3,TRUE,Caller 2146,Opened by  180,2/29/2016 7:08,Created by 81,2/29/2016 7:17,Updated by 60,2/29/2016 7:46,Phone,Location 93,Category 20,Subcategory 125,Symptom 471,?,2 - Medium,2 - Medium,3 - Moderate,Group 70,?,TRUE,FALSE,Do Not Notify,?,?,?,?,code 7,Resolved by 62,2/29/2016 16:01,3/5/2016 17:00
INC0000063,New,TRUE,1,0,4,TRUE,Caller 2146,Opened by  180,2/29/2016 7:08,Created by 81,2/29/2016 7:17,Updated by 60,2/29/2016 7:46,Phone,Location 93,Category 20,Subcategory 125,Symptom 471,?,2 - Medium,2 - Medium,3 - Moderate,Group 23,?,TRUE,FALSE,Do Not Notify,?,?,?,?,code 7,Resolved by 62,2/29/2016 16:01,3/5/2016 17:00
INC0000063,New,TRUE,1,0,5,TRUE,Caller 2146,Opened by  180,2/29/2016 7:08,Created by 81,2/29/2016 7:17,Updated by 241,2/29/2016 16:01,Phone,Location 93,Category 20,Subcategory 125,Symptom 471,?,2 - Medium,2 - Medium,3 - Moderate,Group 23,?,TRUE,FALSE,Do Not Notify,?,?,?,?,code 7,Resolved by 62,2/29/2016 16:01,3/5/2016 17:00
INC0000063,Resolved,TRUE,1,0,6,TRUE,Caller 2146,Opened by  180,2/29/2016 7:08,Created by 81,2/29/2016 7:17,Updated by 241,2/29/2016 16:01,Phone,Location 93,Category 20,Subcategory 125,Symptom 471,?,2 - Medium,2 - Medium,3 - Moderate,Group 23,?,TRUE,FALSE,Do Not Notify,?,?,?,?,code 7,Resolved by 62,2/29/2016 16:01,3/5/2016 17:00
INC0000063,Closed,FALSE,1,0,7,TRUE,Caller 2146,Opened by  180,2/29/2016 7:08,Created by 81,2/29/2016 7:17,Updated by 908,3/5/2016 17:00,Phone,Location 93,Category 20,Subcategory 125,Symptom 471,?,2 - Medium,2 - Medium,3 - Moderate,Group 23,?,TRUE,FALSE,Do Not Notify,?,?,?,?,code 7,Resolved by 62,2/29/2016 16:01,3/5/2016 17:00
INC0000064,New,TRUE,0,0,0,TRUE,Caller 2838,Opened by  131,2/29/2016 7:10,Created by 62,2/29/2016 7:14,Updated by 265,2/29/2016 7:14,Phone,Location 143,Category 53,Subcategory 168,Symptom 580,?,2 - Medium,2 - Medium,3 - Moderate,Group 70,Resolver 78,TRUE,FALSE,Do Not Notify,?,?,?,?,code 6,Resolved by 71,3/3/2016 16:00,3/8/2016 17:00
INC0000064,New,TRUE,0,0,1,TRUE,Caller 2838,Opened by  131,2/29/2016 7:10,Created by 62,2/29/2016 7:14,Updated by 265,2/29/2016 7:16,Phone,Location 143,Category 53,Subcategory 168,Symptom 580,?,2 - Medium,2 - Medium,3 - Moderate,Group 70,Resolver 78,TRUE,FALSE,Do Not Notify,?,?,?,?,code 6,Resolved by 71,3/3/2016 16:00,3/8/2016 17:00
INC0000064,Active,TRUE,0,0,2,TRUE,Caller 2838,Opened by  131,2/29/2016 7:10,Created by 62,2/29/2016 7:14,Updated by 723,2/29/2016 13:12,Phone,Location 143,Category 53,Subcategory 168,Symptom 580,?,2 - Medium,2 - Medium,3 - Moderate,Group 70,Resolver 186,TRUE,FALSE,Do Not Notify,?,?,?,?,code 6,Resolved by 71,3/3/2016 16:00,3/8/2016 17:00
INC0000064,Active,TRUE,1,0,3,TRUE,Caller 2838,Opened by  131,2/29/2016 7:10,Created by 62,2/29/2016 7:14,Updated by 723,2/29/2016 13:13,Phone,Location 143,Category 53,Subcategory 168,Symptom 580,?,2 - Medium,2 - Medium,3 - Moderate,Group 28,?,TRUE,FALSE,Do Not Notify,?,?,?,?,code 6,Resolved by 71,3/3/2016 16:00,3/8/2016 17:00
INC0000064,Active,TRUE,1,0,4,TRUE,Caller 2838,Opened by  131,2/29/2016 7:10,Created by 62,2/29/2016 7:14,Updated by 307,3/2/2016 9:17,Phone,Location 143,Category 53,Subcategory 168,Symptom 580,?,2 - Medium,2 - Medium,3 - Moderate,Group 28,Resolver 78,TRUE,FALSE,Do Not Notify,?,?,?,?,code 6,Resolved by 71,3/3/2016 16:00,3/8/2016 17:00
INC0000064,Active,TRUE,1,0,5,TRUE,Caller 2838,Opened by  131,2/29/2016 7:10,Created by 62,2/29/2016 7:14,Updated by 307,3/2/2016 12:00,Phone,Location 143,Category 53,Subcategory 168,Symptom 580,?,2 - Medium,2 - Medium,3 - Moderate,Group 28,Resolver 78,TRUE,FALSE,Do Not Notify,?,?,?,?,code 6,Resolved by 71,3/3/2016 16:00,3/8/2016 17:00
INC0000064,Active,TRUE,1,0,6,TRUE,Caller 2838,Opened by  131,2/29/2016 7:10,Created by 62,2/29/2016 7:14,Updated by 307,3/3/2016 16:00,Phone,Location 143,Category 53,Subcategory 168,Symptom 580,?,2 - Medium,2 - Medium,3 - Moderate,Group 28,Resolver 78,TRUE,FALSE,Do Not Notify,?,?,?,?,code 6,Resolved by 71,3/3/2016 16:00,3/8/2016 17:00
INC0000064,Resolved,TRUE,1,0,7,TRUE,Caller 2838,Opened by  131,2/29/2016 7:10,Created by 62,2/29/2016 7:14,Updated by 307,3/3/2016 16:00,Phone,Location 143,Category 53,Subcategory 168,Symptom 580,?,2 - Medium,2 - Medium,3 - Moderate,Group 28,Resolver 78,TRUE,FALSE,Do Not Notify,?,?,?,?,code 6,Resolved by 71,3/3/2016 16:00,3/8/2016 17:00
INC0000064,Closed,FALSE,1,0,8,TRUE,Caller 2838,Opened by  131,2/29/2016 7:10,Created by 62,2/29/2016 7:14,Updated by 908,3/8/2016 17:00,Phone,Location 143,Category 53,Subcategory 168,Symptom 580,?,2 - Medium,2 - Medium,3 - Moderate,Group 28,Resolver 78,TRUE,FALSE,Do Not Notify,?,?,?,?,code 6,Resolved by 71,3/3/2016 16:00,3/8/2016 17:00
INC0000065,New,TRUE,0,0,0,TRUE,Caller 5323,Opened by  131,2/29/2016 7:38,Created by 62,2/29/2016 7:46,Updated by 265,2/29/2016 7:46,Phone,Location 108,Category 44,Subcategory 229,Symptom 580,?,2 - Medium,2 - Medium,3 - Moderate,Group 5,Resolver 216,TRUE,FALSE,Do Not Notify,?,?,?,?,code 1,Resolved by 197,3/2/2016 15:21,3/7/2016 16:00
INC0000065,New,TRUE,0,0,2,TRUE,Caller 5323,Opened by  131,2/29/2016 7:38,Created by 62,2/29/2016 7:46,Updated by 265,2/29/2016 7:55,Phone,Location 108,Category 44,Subcategory 229,Symptom 580,?,2 - Medium,2 - Medium,3 - Moderate,Group 5,Resolver 216,TRUE,FALSE,Do Not Notify,?,?,?,?,code 1,Resolved by 197,3/2/2016 15:21,3/7/2016 16:00
INC0000065,New,TRUE,0,0,3,TRUE,Caller 5323,Opened by  131,2/29/2016 7:38,Created by 62,2/29/2016 7:46,Updated by 967,2/29/2016 8:26,Phone,Location 108,Category 44,Subcategory 229,Symptom 580,?,2 - Medium,2 - Medium,3 - Moderate,Group 5,Resolver 216,TRUE,FALSE,Do Not Notify,?,?,?,?,code 1,Resolved by 197,3/2/2016 15:21,3/7/2016 16:00
INC0000065,New,TRUE,1,0,4,TRUE,Caller 5323,Opened by  131,2/29/2016 7:38,Created by 62,2/29/2016 7:46,Updated by 967,2/29/2016 8:26,Phone,Location 108,Category 44,Subcategory 229,Symptom 580,?,2 - Medium,2 - Medium,3 - Moderate,Group 70,Resolver 216,TRUE,FALSE,Do Not Notify,?,?,?,?,code 1,Resolved by 197,3/2/2016 15:21,3/7/2016 16:00
INC0000065,New,TRUE,2,0,5,TRUE,Caller 5323,Opened by  131,2/29/2016 7:38,Created by 62,2/29/2016 7:46,Updated by 798,2/29/2016 9:19,Phone,Location 108,Category 45,Subcategory 229,Symptom 580,?,2 - Medium,2 - Medium,3 - Moderate,Group 15,Resolver 216,TRUE,FALSE,Do Not Notify,?,?,?,?,code 1,Resolved by 197,3/2/2016 15:21,3/7/2016 16:00
INC0000065,New,TRUE,2,0,6,TRUE,Caller 5323,Opened by  131,2/29/2016 7:38,Created by 62,2/29/2016 7:46,Updated by 653,2/29/2016 9:26,Phone,Location 108,Category 45,Subcategory 229,Symptom 580,?,2 - Medium,2 - Medium,3 - Moderate,Group 15,Resolver 216,TRUE,FALSE,Do Not Notify,?,?,?,?,code 1,Resolved by 197,3/2/2016 15:21,3/7/2016 16:00
INC0000065,New,TRUE,3,0,7,TRUE,Caller 5323,Opened by  131,2/29/2016 7:38,Created by 62,2/29/2016 7:46,Updated by 653,2/29/2016 9:27,Phone,Location 108,Category 45,Subcategory 229,Symptom 580,?,2 - Medium,2 - Medium,3 - Moderate,Group 70,Resolver 216,TRUE,FALSE,Do Not Notify,?,?,?,?,code 1,Resolved by 197,3/2/2016 15:21,3/7/2016 16:00
INC0000065,New,TRUE,4,0,8,TRUE,Caller 5323,Opened by  131,2/29/2016 7:38,Created by 62,2/29/2016 7:46,Updated by 750,2/29/2016 11:17,Phone,Location 108,Category 45,Subcategory 229,Symptom 580,?,2 - Medium,2 - Medium,3 - Moderate,Group 12,Resolver 216,TRUE,FALSE,Do Not Notify,?,?,?,?,code 1,Resolved by 197,3/2/2016 15:21,3/7/2016 16:00
INC0000065,New,TRUE,5,0,9,TRUE,Caller 5323,Opened by  131,2/29/2016 7:38,Created by 62,2/29/2016 7:46,Updated by 798,2/29/2016 14:51,Phone,Location 108,Category 45,Subcategory 229,Symptom 580,?,2 - Medium,2 - Medium,3 - Moderate,Group 15,Resolver 216,TRUE,FALSE,Do Not Notify,?,?,?,?,code 1,Resolved by 197,3/2/2016 15:21,3/7/2016 16:00
INC0000065,New,TRUE,6,0,10,TRUE,Caller 5323,Opened by  131,2/29/2016 7:38,Created by 62,2/29/2016 7:46,Updated by 164,3/1/2016 16:52,Phone,Location 108,Category 45,Subcategory 94,Symptom 311,?,2 - Medium,2 - Medium,3 - Moderate,Group 33,Resolver 216,TRUE,FALSE,Do Not Notify,?,?,?,?,code 1,Resolved by 197,3/2/2016 15:21,3/7/2016 16:00
INC0000065,Awaiting User Info,TRUE,6,0,11,TRUE,Caller 5323,Opened by  131,2/29/2016 7:38,Created by 62,2/29/2016 7:46,Updated by 862,3/2/2016 15:17,Phone,Location 108,Category 45,Subcategory 94,Symptom 311,?,2 - Medium,2 - Medium,3 - Moderate,Group 33,Resolver 216,TRUE,FALSE,Do Not Notify,?,?,?,?,code 1,Resolved by 197,3/2/2016 15:21,3/7/2016 16:00
INC0000065,Resolved,TRUE,6,0,12,TRUE,Caller 5323,Opened by  131,2/29/2016 7:38,Created by 62,2/29/2016 7:46,Updated by 862,3/2/2016 15:21,Phone,Location 108,Category 45,Subcategory 94,Symptom 311,?,2 - Medium,2 - Medium,3 - Moderate,Group 33,Resolver 216,TRUE,FALSE,Do Not Notify,?,?,?,?,code 1,Resolved by 197,3/2/2016 15:21,3/7/2016 16:00
INC0000065,Closed,FALSE,6,0,13,TRUE,Caller 5323,Opened by  131,2/29/2016 7:38,Created by 62,2/29/2016 7:46,Updated by 908,3/7/2016 16:00,Phone,Location 108,Category 45,Subcategory 94,Symptom 311,?,2 - Medium,2 - Medium,3 - Moderate,Group 33,Resolver 216,TRUE,FALSE,Do Not Notify,?,?,?,?,code 1,Resolved by 197,3/2/2016 15:21,3/7/2016 16:00
INC0000066,New,TRUE,0,0,0,TRUE,Caller 3796,Opened by  24,2/29/2016 8:03,Created by 13,2/29/2016 8:18,Updated by 60,2/29/2016 8:18,Phone,Location 161,Category 55,Subcategory 185,?,?,2 - Medium,2 - Medium,3 - Moderate,Group 70,?,TRUE,FALSE,Do Not Notify,?,?,?,?,code 5,Resolved by 208,3/2/2016 14:37,3/7/2016 15:00
INC0000066,New,TRUE,1,0,1,TRUE,Caller 3796,Opened by  24,2/29/2016 8:03,Created by 13,2/29/2016 8:18,Updated by 750,2/29/2016 11:10,Phone,Location 161,Category 55,Subcategory 185,?,?,2 - Medium,2 - Medium,3 - Moderate,Group 54,?,TRUE,FALSE,Do Not Notify,?,?,?,?,code 5,Resolved by 208,3/2/2016 14:37,3/7/2016 15:00
INC0000066,Resolved,TRUE,1,0,2,TRUE,Caller 3796,Opened by  24,2/29/2016 8:03,Created by 13,2/29/2016 8:18,Updated by 874,3/2/2016 14:37,Phone,Location 161,Category 55,Subcategory 185,?,?,2 - Medium,2 - Medium,3 - Moderate,Group 54,?,TRUE,FALSE,Do Not Notify,?,?,?,?,code 5,Resolved by 208,3/2/2016 14:37,3/7/2016 15:00
INC0000066,Closed,FALSE,1,0,3,TRUE,Caller 3796,Opened by  24,2/29/2016 8:03,Created by 13,2/29/2016 8:18,Updated by 908,3/7/2016 15:00,Phone,Location 161,Category 55,Subcategory 185,?,?,2 - Medium,2 - Medium,3 - Moderate,Group 54,?,TRUE,FALSE,Do Not Notify,?,?,?,?,code 5,Resolved by 208,3/2/2016 14:37,3/7/2016 15:00
INC0000067,New,TRUE,0,0,0,TRUE,Caller 442,Opened by  180,2/29/2016 8:03,Created by 81,2/29/2016 8:05,Updated by 340,2/29/2016 8:05,Phone,Location 143,Category 9,Subcategory 110,Symptom 470,?,2 - Medium,2 - Medium,3 - Moderate,Group 70,Resolver 236,TRUE,FALSE,Do Not Notify,?,?,?,?,code 1,Resolved by 215,3/2/2016 11:11,3/7/2016 12:00
INC0000067,New,TRUE,0,0,1,TRUE,Caller 442,Opened by  180,2/29/2016 8:03,Created by 81,2/29/2016 8:05,Updated by 340,2/29/2016 8:13,Phone,Location 143,Category 9,Subcategory 110,Symptom 470,?,2 - Medium,2 - Medium,3 - Moderate,Group 70,Resolver 236,TRUE,FALSE,Do Not Notify,?,?,?,?,code 1,Resolved by 215,3/2/2016 11:11,3/7/2016 12:00
INC0000067,New,TRUE,0,0,2,TRUE,Caller 442,Opened by  180,2/29/2016 8:03,Created by 81,2/29/2016 8:05,Updated by 340,2/29/2016 8:15,Phone,Location 143,Category 9,Subcategory 110,Symptom 470,?,2 - Medium,2 - Medium,3 - Moderate,Group 70,Resolver 236,TRUE,FALSE,Do Not Notify,?,?,?,?,code 1,Resolved by 215,3/2/2016 11:11,3/7/2016 12:00
INC0000067,Active,TRUE,0,0,3,TRUE,Caller 442,Opened by  180,2/29/2016 8:03,Created by 81,2/29/2016 8:05,Updated by 340,2/29/2016 8:16,Phone,Location 143,Category 9,Subcategory 110,Symptom 470,?,2 - Medium,2 - Medium,3 - Moderate,Group 70,Resolver 17,TRUE,FALSE,Do Not Notify,?,?,?,?,code 1,Resolved by 215,3/2/2016 11:11,3/7/2016 12:00
INC0000067,Active,TRUE,0,0,4,TRUE,Caller 442,Opened by  180,2/29/2016 8:03,Created by 81,2/29/2016 8:05,Updated by 60,2/29/2016 8:30,Phone,Location 143,Category 9,Subcategory 110,Symptom 470,?,2 - Medium,2 - Medium,3 - Moderate,Group 70,Resolver 17,TRUE,FALSE,Do Not Notify,?,?,?,?,code 1,Resolved by 215,3/2/2016 11:11,3/7/2016 12:00
INC0000067,Active,TRUE,1,0,5,TRUE,Caller 442,Opened by  180,2/29/2016 8:03,Created by 81,2/29/2016 8:05,Updated by 340,2/29/2016 9:43,Phone,Location 143,Category 9,Subcategory 110,Symptom 470,?,2 - Medium,2 - Medium,3 - Moderate,Group 28,?,TRUE,FALSE,Do Not Notify,?,?,?,?,code 1,Resolved by 215,3/2/2016 11:11,3/7/2016 12:00
INC0000067,Active,TRUE,1,0,6,TRUE,Caller 442,Opened by  180,2/29/2016 8:03,Created by 81,2/29/2016 8:05,Updated by 340,2/29/2016 9:44,Phone,Location 143,Category 9,Subcategory 110,Symptom 470,?,2 - Medium,2 - Medium,3 - Moderate,Group 28,?,TRUE,FALSE,Do Not Notify,?,?,?,?,code 1,Resolved by 215,3/2/2016 11:11,3/7/2016 12:00
INC0000067,Active,TRUE,1,0,7,TRUE,Caller 442,Opened by  180,2/29/2016 8:03,Created by 81,2/29/2016 8:05,Updated by 88,2/29/2016 9:58,Phone,Location 143,Category 9,Subcategory 110,Symptom 470,?,2 - Medium,2 - Medium,3 - Moderate,Group 28,?,TRUE,FALSE,Do Not Notify,?,?,?,?,code 1,Resolved by 215,3/2/2016 11:11,3/7/2016 12:00
INC0000067,Active,TRUE,1,0,8,TRUE,Caller 442,Opened by  180,2/29/2016 8:03,Created by 81,2/29/2016 8:05,Updated by 928,3/2/2016 9:18,Phone,Location 143,Category 9,Subcategory 110,Symptom 470,?,2 - Medium,2 - Medium,3 - Moderate,Group 28,Resolver 236,TRUE,FALSE,Do Not Notify,?,?,?,?,code 1,Resolved by 215,3/2/2016 11:11,3/7/2016 12:00
INC0000067,Resolved,TRUE,1,0,9,TRUE,Caller 442,Opened by  180,2/29/2016 8:03,Created by 81,2/29/2016 8:05,Updated by 928,3/2/2016 11:11,Phone,Location 143,Category 9,Subcategory 110,Symptom 470,?,2 - Medium,2 - Medium,3 - Moderate,Group 28,Resolver 236,TRUE,FALSE,Do Not Notify,?,?,?,?,code 1,Resolved by 215,3/2/2016 11:11,3/7/2016 12:00
INC0000067,Closed,FALSE,1,0,10,TRUE,Caller 442,Opened by  180,2/29/2016 8:03,Created by 81,2/29/2016 8:05,Updated by 908,3/7/2016 12:00,Phone,Location 143,Category 9,Subcategory 110,Symptom 470,?,2 - Medium,2 - Medium,3 - Moderate,Group 28,Resolver 236,TRUE,FALSE,Do Not Notify,?,?,?,?,code 1,Resolved by 215,3/2/2016 11:11,3/7/2016 12:00
INC0000070,New,TRUE,0,0,0,TRUE,Caller 3757,Opened by  131,2/29/2016 8:11,Created by 62,2/29/2016 8:38,Updated by 265,2/29/2016 8:38,Phone,Location 46,Category 9,Subcategory 164,Symptom 592,?,2 - Medium,2 - Medium,3 - Moderate,Group 70,Resolver 31,TRUE,FALSE,Do Not Notify,?,?,?,?,code 11,Resolved by 30,3/8/2016 9:55,3/24/2016 18:40
INC0000070,Active,TRUE,0,0,1,TRUE,Caller 3757,Opened by  131,2/29/2016 8:11,Created by 62,2/29/2016 8:38,Updated by 723,2/29/2016 13:18,Phone,Location 46,Category 9,Subcategory 164,Symptom 592,?,2 - Medium,2 - Medium,3 - Moderate,Group 70,Resolver 31,TRUE,FALSE,Do Not Notify,?,?,?,?,code 11,Resolved by 30,3/8/2016 9:55,3/24/2016 18:40
INC0000070,Active,TRUE,0,0,2,TRUE,Caller 3757,Opened by  131,2/29/2016 8:11,Created by 62,2/29/2016 8:38,Updated by 723,2/29/2016 13:21,Phone,Location 46,Category 9,Subcategory 164,Symptom 592,?,2 - Medium,2 - Medium,3 - Moderate,Group 70,Resolver 186,TRUE,FALSE,Do Not Notify,?,?,?,?,code 11,Resolved by 30,3/8/2016 9:55,3/24/2016 18:40
INC0000070,Awaiting User Info,TRUE,0,0,3,TRUE,Caller 3757,Opened by  131,2/29/2016 8:11,Created by 62,2/29/2016 8:38,Updated by 723,2/29/2016 13:26,Phone,Location 46,Category 9,Subcategory 164,Symptom 592,?,2 - Medium,2 - Medium,3 - Moderate,Group 70,Resolver 186,TRUE,FALSE,Do Not Notify,?,?,?,?,code 11,Resolved by 30,3/8/2016 9:55,3/24/2016 18:40
INC0000070,Awaiting User Info,TRUE,1,0,5,TRUE,Caller 3757,Opened by  131,2/29/2016 8:11,Created by 62,2/29/2016 8:38,Updated by 336,3/4/2016 11:49,Phone,Location 46,Category 9,Subcategory 164,Symptom 592,?,2 - Medium,2 - Medium,3 - Moderate,Group 29,?,TRUE,FALSE,Do Not Notify,?,?,?,?,code 11,Resolved by 30,3/8/2016 9:55,3/24/2016 18:40
INC0000070,Awaiting User Info,TRUE,1,0,7,TRUE,Caller 3757,Opened by  131,2/29/2016 8:11,Created by 62,2/29/2016 8:38,Updated by 135,3/8/2016 9:54,Phone,Location 46,Category 9,Subcategory 164,Symptom 592,?,2 - Medium,2 - Medium,3 - Moderate,Group 29,?,TRUE,FALSE,Do Not Notify,?,?,?,?,code 11,Resolved by 30,3/8/2016 9:55,3/24/2016 18:40
INC0000070,Resolved,TRUE,1,0,8,TRUE,Caller 3757,Opened by  131,2/29/2016 8:11,Created by 62,2/29/2016 8:38,Updated by 135,3/8/2016 9:55,Phone,Location 46,Category 9,Subcategory 164,Symptom 592,?,2 - Medium,2 - Medium,3 - Moderate,Group 29,Resolver 31,TRUE,FALSE,Do Not Notify,?,?,?,?,code 11,Resolved by 30,3/8/2016 9:55,3/24/2016 18:40
INC0000070,Closed,FALSE,1,0,9,FALSE,Caller 3757,Opened by  131,2/29/2016 8:11,Created by 62,2/29/2016 8:38,Updated by 908,3/24/2016 18:40,Phone,Location 46,Category 9,Subcategory 164,Symptom 592,?,2 - Medium,2 - Medium,3 - Moderate,Group 29,Resolver 31,TRUE,FALSE,Do Not Notify,?,?,?,?,code 11,Resolved by 30,3/8/2016 9:55,3/24/2016 18:40
INC0000071,New,TRUE,0,0,0,TRUE,Caller 271,Opened by  180,2/29/2016 8:12,Created by 81,2/29/2016 8:17,Updated by 340,2/29/2016 8:17,Phone,Location 161,Category 9,Subcategory 164,Symptom 470,?,2 - Medium,2 - Medium,3 - Moderate,Group 24,Resolver 249,TRUE,FALSE,Do Not Notify,?,?,?,?,code 5,Resolved by 227,3/1/2016 10:38,3/6/2016 11:00
INC0000071,New,TRUE,0,0,1,TRUE,Caller 271,Opened by  180,2/29/2016 8:12,Created by 81,2/29/2016 8:17,Updated by 974,3/1/2016 8:35,Phone,Location 161,Category 9,Subcategory 164,Symptom 470,?,2 - Medium,2 - Medium,3 - Moderate,Group 24,Resolver 249,TRUE,FALSE,Do Not Notify,?,?,?,?,code 5,Resolved by 227,3/1/2016 10:38,3/6/2016 11:00
INC0000071,New,TRUE,0,0,2,TRUE,Caller 271,Opened by  180,2/29/2016 8:12,Created by 81,2/29/2016 8:17,Updated by 974,3/1/2016 8:37,Phone,Location 161,Category 9,Subcategory 164,Symptom 470,?,2 - Medium,2 - Medium,3 - Moderate,Group 24,Resolver 249,TRUE,FALSE,Do Not Notify,?,?,?,?,code 5,Resolved by 227,3/1/2016 10:38,3/6/2016 11:00
INC0000071,New,TRUE,0,0,3,TRUE,Caller 271,Opened by  180,2/29/2016 8:12,Created by 81,2/29/2016 8:17,Updated by 974,3/1/2016 8:40,Phone,Location 161,Category 9,Subcategory 164,Symptom 470,?,2 - Medium,2 - Medium,3 - Moderate,Group 24,Resolver 249,TRUE,FALSE,Do Not Notify,?,?,?,?,code 5,Resolved by 227,3/1/2016 10:38,3/6/2016 11:00
INC0000071,Awaiting User Info,TRUE,0,0,4,TRUE,Caller 271,Opened by  180,2/29/2016 8:12,Created by 81,2/29/2016 8:17,Updated by 974,3/1/2016 8:40,Phone,Location 161,Category 9,Subcategory 164,Symptom 470,?,2 - Medium,2 - Medium,3 - Moderate,Group 24,Resolver 249,TRUE,FALSE,Do Not Notify,?,?,?,?,code 5,Resolved by 227,3/1/2016 10:38,3/6/2016 11:00
INC0000071,Awaiting User Info,TRUE,0,0,5,TRUE,Caller 271,Opened by  180,2/29/2016 8:12,Created by 81,2/29/2016 8:17,Updated by 974,3/1/2016 10:37,Phone,Location 161,Category 9,Subcategory 164,Symptom 470,?,2 - Medium,2 - Medium,3 - Moderate,Group 24,Resolver 249,TRUE,FALSE,Do Not Notify,?,?,?,?,code 5,Resolved by 227,3/1/2016 10:38,3/6/2016 11:00
INC0000071,Resolved,TRUE,0,0,6,TRUE,Caller 271,Opened by  180,2/29/2016 8:12,Created by 81,2/29/2016 8:17,Updated by 974,3/1/2016 10:38,Phone,Location 161,Category 9,Subcategory 164,Symptom 470,?,2 - Medium,2 - Medium,3 - Moderate,Group 24,Resolver 249,TRUE,FALSE,Do Not Notify,?,?,?,?,code 5,Resolved by 227,3/1/2016 10:38,3/6/2016 11:00
INC0000071,Closed,FALSE,0,0,7,TRUE,Caller 271,Opened by  180,2/29/2016 8:12,Created by 81,2/29/2016 8:17,Updated by 908,3/6/2016 11:00,Phone,Location 161,Category 9,Subcategory 164,Symptom 470,?,2 - Medium,2 - Medium,3 - Moderate,Group 24,Resolver 249,TRUE,FALSE,Do Not Notify,?,?,?,?,code 5,Resolved by 227,3/1/2016 10:38,3/6/2016 11:00
INC0000073,Active,TRUE,0,0,0,TRUE,Caller 2519,Opened by  40,2/29/2016 8:22,Created by 20,2/29/2016 8:30,Updated by 88,2/29/2016 8:30,Phone,Location 42,Category 53,Subcategory 271,Symptom 470,?,2 - Medium,2 - Medium,3 - Moderate,Group 70,?,TRUE,FALSE,Do Not Notify,Problem ID  2,?,?,?,code 11,Resolved by 208,3/1/2016 15:37,3/6/2016 16:00
INC0000073,Active,TRUE,0,0,2,TRUE,Caller 2519,Opened by  40,2/29/2016 8:22,Created by 20,2/29/2016 8:30,Updated by 451,2/29/2016 10:06,Phone,Location 42,Category 53,Subcategory 271,Symptom 470,?,2 - Medium,2 - Medium,3 - Moderate,Group 70,?,TRUE,FALSE,Do Not Notify,Problem ID  2,?,?,?,code 11,Resolved by 208,3/1/2016 15:37,3/6/2016 16:00
INC0000073,Active,TRUE,1,0,3,TRUE,Caller 2519,Opened by  40,2/29/2016 8:22,Created by 20,2/29/2016 8:30,Updated by 750,2/29/2016 11:11,Phone,Location 42,Category 53,Subcategory 271,Symptom 470,?,2 - Medium,2 - Medium,3 - Moderate,Group 54,?,TRUE,FALSE,Do Not Notify,Problem ID  2,?,?,?,code 11,Resolved by 208,3/1/2016 15:37,3/6/2016 16:00
INC0000073,Active,TRUE,1,0,4,TRUE,Caller 2519,Opened by  40,2/29/2016 8:22,Created by 20,2/29/2016 8:30,Updated by 874,3/1/2016 15:35,Phone,Location 42,Category 53,Subcategory 271,Symptom 470,?,2 - Medium,2 - Medium,3 - Moderate,Group 54,?,TRUE,FALSE,Do Not Notify,Problem ID  2,?,?,?,code 11,Resolved by 208,3/1/2016 15:37,3/6/2016 16:00
INC0000073,Resolved,TRUE,1,0,5,TRUE,Caller 2519,Opened by  40,2/29/2016 8:22,Created by 20,2/29/2016 8:30,Updated by 874,3/1/2016 15:37,Phone,Location 42,Category 53,Subcategory 271,Symptom 470,?,2 - Medium,2 - Medium,3 - Moderate,Group 54,?,TRUE,FALSE,Do Not Notify,Problem ID  2,?,?,?,code 11,Resolved by 208,3/1/2016 15:37,3/6/2016 16:00
INC0000073,Closed,FALSE,1,0,6,TRUE,Caller 2519,Opened by  40,2/29/2016 8:22,Created by 20,2/29/2016 8:30,Updated by 908,3/6/2016 16:00,Phone,Location 42,Category 53,Subcategory 271,Symptom 470,?,2 - Medium,2 - Medium,3 - Moderate,Group 54,?,TRUE,FALSE,Do Not Notify,Problem ID  2,?,?,?,code 11,Resolved by 208,3/1/2016 15:37,3/6/2016 16:00
